"binom","body.size","rel.wing","resid.wing","range.size","bio1_mean","range.elev","max.mean.elev","min.mean.elev","max.elev","min.elev","max.min.elev","min.max.elev","max.mean.elev.finer","min.mean.elev.finer","range.elev.finer","bio6_mean"
"Aeshna_canadensis",68.5,0.900594326434478,0.430149500941838,1.93e+12,45.63698026,1729.22964713,1742.728394,13.49874687,3225,-19,932,48,1765.631173,1.553191489,1764.077981511,-156.3364248
"Aeshna_clepsydra",67.5,0.895690087829927,0.244267968237738,5.09e+11,68.42513998,464.974858286,474.8548584,9.880000114,1482,-18,209,30,529.3441358,7.098039216,522.246096584,-122.245749
"Aeshna_constricta",69,0.891040632539189,0.106915627931615,1.47e+12,64.73174469,1885.65533461,1910.100464,24.44512939,3232,-41,1327,77,2146.834105,10.31404321,2136.52006179,-135.7745827
"Aeshna_eremita",72.5,0.896317199885322,0.345049080429107,2.28e+12,8.304914455,2971.29401951,2989.432617,18.13859749,6098,-6,2162,48,3231.479167,7.600980392,3223.878186608,-197.3971938
"Aeshna_interrupta",66.5,0.89887524716231,0.338024190108292,3.09e+12,30.50008502,3002.39163413,3015.890381,13.49874687,4275,-108,1927,38,3204.511574,1.306122449,3203.205451551,-167.746307
"Aeshna_juncea",65,0.901018490262787,0.386765126857813,1.21e+12,-4.049648412,2703.193659172,2710.365723,7.172063828,6098,-19,1935,21,3204.511574,1.306122449,3203.205451551,-202.8477128
"Aeshna_palmata",70,0.888022870016152,0.0174502636416956,1.76e+12,46.70039401,2991.25964179,3015.890381,24.63073921,4275,-89,2162,127,3314.653549,5.593380615,3309.060168385,-112.8545669
"Aeshna_persephone",76.5,0.904244970105126,0.677985951488075,82598839747,138.5523977,989.91748,2164.66748,1174.75,3367,582,1391,2354,2428.205247,1142.804784,1285.400463,-35.71329991
"Aeshna_septentrionalis",58.5,0.890714451361541,-0.0870514852239608,3.27e+11,-54.79344824,1831.70512213,1859.272339,27.56721687,5815,-2,796,69,1641.076389,12.50045005,1628.57593895,-276.5776337
"Aeshna_sitchensis",58.5,0.897182167084955,0.13768698344341,8.93e+11,5.594085629,2545.11807149,2557.993164,12.87509251,3976,-19,1749,35,3054.611883,5.593380615,3049.018502385,-195.4500731
"Aeshna_subarctica",65.5,0.89936753204928,0.338272133322372,5.33e+11,-0.293460265,1896.5602714,1910.100464,13.5401926,3336,-48,1216,38,1979.759259,1.306122449,1978.453136551,-207.5999903
"Aeshna_tuberculifera",74.5,0.893140109228759,0.264848732033273,1.37e+12,61.51939332,1725.23054866,1746.462158,21.23160934,3225,-19,1078,87,2044.076389,1.01e-12,2044.076389,-127.9287371
"Aeshna_umbrosa",68.5,0.8952776148706,0.246226515983552,3.55e+12,63.70368538,2978.69370251,2989.432617,10.73891449,4275,-89,2162,30,3417.22608,1.01e-12,3417.22608,-121.9991166
"Aeshna_verticalis",67,0.899991979548409,0.384876698325487,8.26e+11,71.84639199,767.52148441,791.9666138,24.44512939,1931,-15,447,77,1043.031636,14.09789343,1028.93374257,-121.5318025
"Aeshna_walkeri",66.5,0.909585093489173,0.705938203644029,2.89e+11,116.8931605,2040.49507116,2120.332031,79.83695984,4206,-79,1260,227,2576.878086,45.53880597,2531.33928003,-6.97187202
"Anax_amazili",72.5,0.915581669622606,1.0056002619418,1.78e+11,214.7679663,2103.576448691,2109.089844,5.513395309,2998,-39,1644,16,2047.08179,4.123739688,2042.958050312,80.24817896
"Anax_concolor",69.5,0.894882523934681,0.248546075530435,22090417712,228.1017532,67.30570888,79.4659729,12.16026402,233,0,9,30,53.02546296,6.927055703,46.098407257,84.68642807
"Anax_junius",73,0.909453340160288,0.804590203877953,6.85e+12,118.7239719,3013.857807777,3015.890381,2.032573223,4228,-171,1961,7,2885.49537,-56.17515432,2941.67052432,-59.64973176
"Anax_longipes",81,0.896945594074918,0.489443582300367,1.06e+12,138.4623541,789.934040577,791.9666138,2.032573223,1931,-16,332,7,933.6149691,1.421875,932.1930941,-35.56785798
"Anax_walsinghami",108,0.867221103719546,-0.239198703405755,3.56e+11,166.9262935,1948.0146403,2059.415771,111.4011307,3536,-79,1100,372,1965.679012,121.2231183,1844.4558937,17.51611977
"Aphylla_angustifolia",65,0.877628597746571,-0.430250719013919,3.05e+11,205.3876403,1599.375160276,1602.488159,3.112998724,3054,-21,651,27,1381.069444,1.289867841,1379.779576159,52.41471807
"Aphylla_protracta",55,0.901077536040904,0.204022817387613,2.53e+11,213.1741081,1592.908784687,1602.488159,9.579374313,3536,-7,816,29,1531.487654,5.799190283,1525.688463717,66.44299544
"Aphylla_williamsoni",73.5,0.85842086466391,-0.981696520673683,5.69e+11,186.1569538,403.607765476,406.7207642,3.112998724,1185,-21,185,17,315.0138889,2.907407407,312.106481493,29.69888299
"Arigomphus_cornutus",56,0.879664584882676,-0.523120658775837,5.49e+11,46.64356304,2402.00761423,2448.322754,46.31513977,4021,-2,1479,272,1902.62037,10.31404321,1892.30632679,-179.2327817
"Arigomphus_furcifer",50,0.860755630862642,-1.32346327194407,6.18e+11,69.87320897,441.06935506,462.3009644,21.23160934,1482,-18,273,101,556.0470679,17.71245421,538.33461369,-123.2842278
"Arigomphus_lentulus",53,0.876822199761406,-0.684554306868294,1.96e+11,170.9691295,377.706070411,384.9244995,7.218429089,700,-171,253,27,407.2307099,10.30431107,396.92639883,-7.222687847
"Arigomphus_maxwelli",52,0.864974910947886,-1.12818998240595,1.57e+11,182.3218272,199.361221811,206.5796509,7.218429089,501,-14,142,27,195.3140432,10.80864198,184.50540122,15.76488819
"Arigomphus_submedianus",53,0.895487822785436,-0.030240841748258,8.31e+11,149.6773966,508.838777587,518.4181519,9.579374313,736,-171,375,29,650.8526235,9.526760563,641.325862937,-38.22534952
"Arigomphus_villosipes",54,0.872713465057374,-0.809778278927273,9.66e+11,97.25685623,797.38871001,808.1276245,10.73891449,1931,-35,303,30,1043.031636,13.69088099,1029.34075501,-85.75876788
"Basiaeschna_janata",58.5,0.88068207826944,-0.438903086210254,2.04e+12,88.32434526,801.895507324,808.1276245,6.232117176,1931,-78,447,22,1043.031636,7.323559151,1035.708076849,-106.4473138
"Boyeria_grafiana",64,0.895839905224488,0.190569662542459,6.91e+11,58.48688503,745.65147403,791.9666138,46.31513977,1929,-16,447,167,1157.099537,31.67669753,1125.42283947,-141.4395238
"Boyeria_vinosa",65.5,0.896570808106653,0.241527800865723,2.13e+12,98.51193806,856.161392711,863.3798218,7.218429089,1931,-171,649,27,1157.099537,5.885714286,1151.213822714,-91.48713016
"Brachymesia_furcata",43.5,0.934689629817118,1.08217369608557,8.86e+11,203.403277,1600.455585777,1602.488159,2.032573223,3536,-121,834,7,1531.487654,-8.634259259,1540.121913259,55.23076403
"Brachymesia_gravida",52,0.923926363773985,0.919821680568867,1.42e+12,185.4252022,1407.659512551,1409.459106,1.799593449,3172,-78,1022,7,1554.755401,1.101666667,1553.653734333,22.7020654
"Brachymesia_herbida",44.5,0.940467096221632,1.29872491318129,1.1e+11,217.8334595,1292.037853413,1297.318237,5.280383587,2448,0,877,20,914.9722222,3.48,911.4922222,76.37844038
"Brechmorhoga_mendax",57.5,0.901000000820123,0.250517769989188,7.58e+11,168.787255,2122.9936595,2164.66748,41.6738205,4206,-79,1394,233,2425.749228,3.536265432,2422.212962568,5.349165788
"Brechmorhoga_pertinax",51,0.941369816430007,1.47932760354383,21176047868,160.3585968,29.7978519999999,1437.349976,1407.552124,2883,852,910,2432,1419.569444,1403.979938,15.589506,-18.66520023
"Cannaphila_insularis",40,0.926494542889393,0.715844426834482,2e+11,215.540518,1440.63864599,1451.703369,11.06472301,3536,-3,873,31,1345.581019,7.360402166,1338.220616834,78.48657693
"Celithemis_amanda",29,0.949923404135101,1.13587314241879,3.69e+11,189.4094247,164.61766715,170.312149,5.69448185,401,-42,63,21,186.5740741,4.777777778,181.796296322,36.08243859
"Celithemis_bertha",32,0.940087943628218,0.921460650923058,2.03e+11,202.7664626,128.282991391,133.7963867,5.513395309,220,-7,42,16,132.9367284,4.916216216,128.020512184,60.61726558
"Celithemis_elisa",31.5,0.960637092350336,1.5757153443909,3.14e+12,108.0362678,2444.562061642,2448.322754,3.760692358,4021,-171,1479,13,2567.895062,2.490974729,2565.404087271,-80.02748387
"Celithemis_eponina",39,0.954401180927404,1.60965105160536,3.86e+12,130.5413153,2446.290180777,2448.322754,2.032573223,4021,-171,1479,4,2567.895062,1.289867841,2566.605194159,-52.47905498
"Celithemis_fasciata",34,0.949960749585931,1.31303512623653,1.71e+12,145.9394175,1212.440546771,1217.663574,5.223027229,1931,-171,1022,22,1132.283951,2.670454545,1129.613496455,-28.33685893
"Celithemis_martha",29,0.961803956552695,1.5219584481023,2.21e+11,90.27297703,617.688720224,623.9208374,6.232117176,1823,-18,332,22,609.1527778,7.323559151,601.829218649,-86.3735404
"Celithemis_ornata",34,0.918419551703921,0.264166325174619,3.49e+11,192.4433159,164.798753691,170.312149,5.513395309,401,-20,63,16,186.5740741,5.115740741,181.458333359,43.72025217
"Celithemis_verna",33.5,0.933248562514152,0.745316348400412,3.3e+11,148.7099986,613.18192291,623.9208374,10.73891449,1823,-20,332,30,609.1527778,6.850308642,602.302469158,-24.60909458
"Cordulegaster_bilineata",61.5,0.886289219144992,-0.186444185246003,3.29e+11,118.3027785,786.73118209,808.1276245,21.39644241,1929,-78,332,56,1157.099537,24.15531915,1132.94421785,-57.34949658
"Cordulegaster_diadema",81,0.880929753571457,-0.0702201679500777,1.44e+11,127.9805995,870.575318,2157.848389,1287.273071,3708,125,1580,2289,2546.072531,1250.857253,1295.215278,-42.51754298
"Cordulegaster_diastatops",62,0.887676848954755,-0.128892466898236,9.11e+11,53.5193907,757.51548007,791.9666138,34.45113373,1834,-16,447,181,1043.031636,31.67669753,1011.35493847,-145.159282
"Cordulegaster_dorsalis",77.5,0.880091215434672,-0.148659622087834,7.86e+11,96.9310256,2432.7512285,2474.425049,41.6738205,4275,-79,1749,227,2882.805556,45.53880597,2837.26675003,-35.18428319
"Cordulegaster_erronea",70.5,0.902209052937365,0.517625717668522,3.8e+11,105.484594,782.63095282,808.1276245,25.49667168,1931,-16,332,87,1157.099537,17.29875195,1139.80078505,-71.27122897
"Cordulegaster_maculata",70,0.888022870016152,0.0174502636416956,1.47e+12,70.54400964,786.83326529,808.1276245,21.29435921,1929,-78,447,56,1043.031636,6.722857143,1036.308778857,-126.9832439
"Cordulegaster_obliqua",70,0.898603413314721,0.385364277177435,1.23e+12,103.500897,786.686230213,791.9666138,5.280383587,1929,-78,345,20,742.0516975,5.932098765,736.119598735,-83.817984
"Cordulegaster_sayi",64.5,0.882312466791552,-0.273453293554561,53202575773,197.0593933,27.89430237,47.94141388,20.04711151,115,-4,2,71,47.18209877,22.28317901,24.89891976,47.44139214
"Cordulegaster_talaria",63,0.890359521889545,-0.017461144025535,10187822482,155.9152069,0,230.265625,230.265625,624,51,51,624,277.9753086,277.9753086,0,-27.46800041
"Cordulia_shurtleffi",46.5,0.890159951304332,-0.360326350105539,2.67e+12,28.37085384,3002.39163413,3015.890381,13.49874687,5149,-108,2162,73,3231.479167,1.553191489,3229.925975511,-166.7301365
"Coryphaeschna_adnexa",67.5,0.895690087829927,0.244267968237741,2.55e+11,216.286635,1595.419948398,1602.488159,7.068210602,2838,-15,1181,19,1434.243827,5.115740741,1429.128086259,83.06058121
"Coryphaeschna_ingens",88,0.901035773120086,0.722452201468754,4.18e+11,202.6622987,413.707061012,416.1955566,2.488495588,734,-21,176,8,300.220679,2.324414716,297.896264284,58.3693883
"Crocothemis_servilia",40,0.939509123545538,1.14914746233983,1.78e+11,222.653595,26.492844107,28.52541733,2.032573223,91,-15,1,7,43.10648148,1.421875,41.68460648,110.7691641
"Didymops_floridensis",66.5,0.8728580830309,-0.574322338294115,64472102542,205.5202637,78.08733368,98.13444519,20.04711151,180,-4,30,71,87.16589506,23.66898148,63.49691358,62.31579399
"Didymops_transversa",58,0.882543833061672,-0.382800876367505,2.26e+12,98.63776296,786.743586571,791.9666138,5.223027229,1931,-171,447,20,933.6149691,6.481608212,927.133360888,-92.55358889
"Dorocordulia_lepida",40,0.898426214761899,-0.23975039118006,1.81e+11,77.2969038,373.62767604,394.3473511,20.71967506,1469,-18,68,63,419.9930556,11.59633028,408.39672532,-100.2955069
"Dorocordulia_libera",40,0.90810885227998,0.0932298313316732,1.4e+12,50.25032092,525.0638924,555.312439,30.2485466,1834,-16,447,117,863.0208333,19.75047801,843.27035529,-159.7267417
"Dromogomphus_armatus",69,0.862202742734499,-0.915029186939056,1.15e+11,183.2510972,157.67264934,170.312149,12.63949966,401,-42,63,48,186.5740741,12.50231481,174.07175929,26.25051598
"Dromogomphus_spinosus",60.5,0.873465865689247,-0.657291466978531,2.62e+12,104.6139904,797.44034289,808.1276245,10.68728161,1931,-78,396,25,1041.727623,9.95631068,1031.77131232,-84.7889203
"Dromogomphus_spoliatus",60.5,0.859533771486992,-1.15674408019017,1.23e+12,151.1487463,1961.59845573,1983.266846,21.66839027,3536,-72,1498,79,1586.152778,4.693311582,1581.459466418,-34.0404307
"Dythemis_fugax",47,0.937864800570352,1.27311240383647,9.02e+11,169.3860384,1951.85455873,1973.522949,21.66839027,3536,-7,1278,79,1575.218364,22.94367284,1552.27469116,-14.53278678
"Dythemis_maya",42,0.973223032322758,2.29824723145105,2.1e+11,195.1560926,1975.77995252,2059.415771,83.63581848,3536,-2,852,713,2106.787809,116.433584,1990.354225,51.80839593
"Dythemis_velox",44.5,0.925189155813904,0.789968502166222,1.14e+12,167.2648967,1999.585243276,2002.698242,3.112998724,3536,-21,1144,27,1552.867284,2.907407407,1549.959876593,-8.990569879
"Epiaeschna_heros",86.5,0.900505151403012,0.685137577027166,2.03e+12,131.8085855,812.7811279,812.7811279,0,1931,-78,612,0,1059.467593,1.289867841,1058.177725159,-45.2040363
"Epitheca_canis",45.5,0.895228972695505,-0.207988750858231,1.51e+12,56.41710672,1664.64895832,1690.14563,25.49667168,3064,-41,992,87,1765.631173,6.344135802,1759.287037198,-135.9512686
"Epitheca_costalis",43,0.890647661446454,-0.429866575482839,4.51e+11,149.0092068,831.196888931,840.3859253,9.189036369,1438,-16,691,18,815.8595679,9.277310924,806.582256976,-29.12983675
"Epitheca_cynosura",40.5,0.905061005749971,0.00254111438508842,2.44e+12,97.15236854,2664.108448642,2667.869141,3.760692358,3607,-78,1998,17,2873.612654,4.730472103,2868.882181897,-93.69615239
"Epitheca_petechialis",42,0.90090783131683,-0.100101678590369,3.47e+11,155.2127523,2372.54192362,2448.322754,75.78083038,4021,9,1479,150,2567.895062,40.3587963,2527.5362657,-32.02317637
"Epitheca_princeps",67,0.891742730167389,0.0988472178100725,2.65e+12,114.8142909,1335.680781771,1340.903809,5.223027229,1931,-171,1181,20,1293.287809,3.959390863,1289.328418137,-72.78056271
"Epitheca_semiaquea",34.5,0.91463305725628,0.151983459523004,4.83e+11,138.5512325,348.05177884,368.7714539,20.71967506,1469,-35,253,63,431.1311728,6.850308642,424.280864158,-33.58088109
"Epitheca_sepia",40,0.912823493386637,0.254080474310496,75530444146,211.0277361,33.67238236,46.31188202,12.63949966,110,-42,2,48,47.18209877,8.704974271,38.477124499,72.90400423
"Epitheca_spinigera",45,0.906302451321275,0.161658332701906,1.54e+12,48.62872016,1712.01102427,1746.462158,34.45113373,3225,-89,1078,116,1657.034722,10.31404321,1646.72067879,-151.9627798
"Epitheca_spinosa",44.5,0.904754837474351,0.0962114483937307,98469264194,140.03461,340.28900911,351.0279236,10.73891449,619,-16,113,30,409.1049383,15.80401235,393.30092595,-29.32882099
"Epitheca_stella",44,0.894350069830268,-0.27557910525733,85467001216,204.1488361,90.035007953,95.31539154,5.280383587,423,-7,2,20,66.57947531,3.662808642,62.916666668,71.25161886
"Erpetogomphus_compositus",50.5,0.887624619252636,-0.357647997507532,7.28e+11,137.3650512,2551.6152425,2593.289063,41.6738205,4206,-121,1753,632,2246.73534,-8.634259259,2255.369599259,-28.62173796
"Erpetogomphus_crotalinus",52,0.877125317909773,-0.694886946900609,56016680469,181.7499207,571.990478,1797.908813,1225.918335,2838,119,1296,2211,1701.680556,1005.699074,695.981482,35.56208019
"Erpetogomphus_designatus",52,0.881049192932479,-0.556236615889961,1.18e+12,152.9860364,1620.28920541,1636.562744,16.27353859,3536,-14,1189,73,1854.62963,18.13053613,1836.49909387,-33.11423171
"Erpetogomphus_eutainia",41,0.872119456412924,-1.13556013017522,44544966633,215.6370468,977.0841298,1101.073853,123.9897232,2661,1,157,309,485.2106481,75.8132716,409.3973765,73.44481754
"Erpetogomphus_heterodon",52.5,0.886571844838568,-0.351551264294044,20727758393,116.1401978,668.980712,2164.66748,1495.686768,3222,1217,1391,2963,2351.547068,2052.290123,299.256945,-68.64900017
"Erpetogomphus_lampropeltis",48.5,0.884691681817666,-0.505153309564823,1.97e+11,153.0216727,1829.4566646,2164.66748,335.2108154,3396,-79,1391,1578,2421.420525,130.8727422,2290.5477828,-11.11505029
"Erythemis_attala",43,0.945269582082263,1.419014851656,1.57e+11,213.6622492,1435.42983041,1451.703369,16.27353859,3536,-2,314,33,901.337963,14.4992284,886.8387346,79.11000099
"Erythemis_collocata",41,0.929021299132443,0.827755965620309,1.53e+12,120.2248798,2668.6919025,2710.365723,41.6738205,4206,-121,1751,372,2733.010802,-56.17515432,2789.18595632,-32.42089291
"Erythemis_mithroides",46,0.921047483801923,0.687272269339342,68055228209,226.8738327,1123.44349598,1135.60376,12.16026402,3054,0,66,30,361.6458333,21.7183642,339.9274691,106.1450895
"Erythemis_peruviana",39.5,0.934087690576127,0.955468696691357,22943014285,235.6944351,181.60371403,260.0237122,78.41999817,2448,-3,0,811,131.1311728,30.0634058,101.067767,128.1012802
"Erythemis_plebeja",44.5,0.925189155813904,0.789968502166222,4.33e+11,221.6116153,1574.419697777,1576.452271,2.032573223,3536,-21,314,7,901.337963,1.421875,899.916088,91.79369188
"Erythemis_simplicicollis",41,0.929021299132443,0.827755965620309,4.8e+12,131.8308164,2709.167703257,2710.365723,1.198019743,4187,-171,1562,7,2138.991512,-5.181818182,2144.173330182,-50.90398265
"Erythemis_vesiculosa",57.5,0.907328675945697,0.467940131640222,9.81e+11,208.3025068,1925.322162777,1927.354736,2.032573223,3536,-39,1337,7,2047.08179,1.421875,2045.659915,62.79374493
"Erythrodiplax_basifusca",28,0.947420967563639,1.01512100118403,66664382287,208.2014665,1331.15531883,1409.575317,78.41999817,3431,-3,565,811,1441.032407,85.67978395,1355.35262305,72.59335606
"Erythrodiplax_berenice",33,0.908922338785113,-0.0917384752443751,1.05e+12,174.7386554,1216.465554257,1217.663574,1.198019743,2502,-78,1022,4,1141.095679,-0.06741573,1141.16309473,26.80272
"Erythrodiplax_funerea",40,0.917457538378331,0.411373837310641,1.81e+11,222.5336885,2028.81571231,2039.607056,10.79134369,2838,-39,1801,496,2011.564815,4.391752577,2007.173062423,90.59829611
"Erythrodiplax_fusca",27,0.930887376975407,0.428031935381027,78019871294,208.3675145,1372.2373961,1451.703369,79.4659729,3536,1,314,233,901.337963,40.3587963,860.9791667,66.44126729
"Erythrodiplax_minuscula",26,0.903729814265874,-0.533407983405139,1.08e+12,174.34545,804.366932142,808.1276245,3.760692358,1931,-78,332,13,949.6427469,2.38,947.2627469,14.97763392
"Erythrodiplax_umbrata",41.5,0.903803787335234,-0.0136585113739866,1.09e+12,197.0215038,2089.227987539,2091.089844,1.861856461,3536,-20,1722,4,2047.08179,1.421875,2045.659915,47.22889269
"Gomphaeschna_antilope",56,0.868621633611326,-0.915535478501196,3.26e+11,141.8814744,788.205921442,791.9666138,3.760692358,1444,-78,259,17,1043.031636,4.535864979,1038.495771021,-23.32566692
"Gomphaeschna_furcillata",56.5,0.862923261545953,-1.11015274471619,1.18e+12,104.2997603,549.61795715,555.312439,5.69448185,1834,-78,332,21,721.8881173,4.450934579,717.437182721,-77.55959641
"Gomphus_abbreviatus",34.5,0.891566418094456,-0.641447650266626,1.66e+11,90.82673705,439.618926,453.5667419,13.9478159,1190,-16,221,42,409.1049383,12.72151899,396.38341931,-93.57771934
"Gomphus_adelphus",42,0.871691955352077,-1.12413609465942,1.69e+11,60.35716328,722.51297763,791.9666138,69.45363617,1482,-16,273,350,1025.782407,53.56302521,972.21938179,-136.8501089
"Gomphus_apomyius",36,0.886852807234542,-0.759032440996947,20708728808,173.0445709,107.7762489,148.4671478,40.6908989,295,-1,49,115,119.2160494,45.83487654,73.38117286,11.82148457
"Gomphus_australis",53,0.839284511751168,-2.04367965444144,42428779309,196.8922348,27.07823563,47.12534714,20.04711151,147,-4,9,71,59.24537037,26.72299383,32.52237654,48.91700256
"Gomphus_borealis",46.5,0.858413283372231,-1.48837817286687,61246350211,48.18697139,418.1552887,544.2043457,126.049057,1482,-1,192,350,739.7561728,71.16435185,668.59182095,-158.134685
"Gomphus_cavillaris*",41,0.838415211361047,-2.35982655605682,85705133880,203.5160904,87.44716358,98.13444519,10.68728161,180,-15,30,25,64.51929012,9.95631068,54.56297944,60.16125931
"Gomphus_crassus",56.5,0.870435294717382,-0.840913223116181,1.35e+11,115.0318004,132.2950744,335.3005676,203.0054932,572,106,221,291,348.3888889,191.5285494,156.8603395,-70.01460103
"Gomphus_descriptus",50,0.873646877554422,-0.861699319420086,1.18e+11,72.5563689,668.5704575,791.9666138,123.3961563,1469,-8,259,337,1043.031636,120.5061728,922.5254632,-117.7071692
"Gomphus_dilatatus",70,0.859282647927072,-1.00449455122898,2.73e+11,183.8242622,406.93190861,413.6756897,6.74378109,1444,-14,185,30,315.0138889,11.72222222,303.29166668,28.98983038
"Gomphus_diminutus",41,0.838415211361047,-2.35982655605682,10187822482,165.7679596,0,47.12534714,47.12534714,147,9,9,147,59.24537037,55.72145062,3.52391975,-3.663929462
"Gomphus_exilis",44.5,0.848079302676197,-1.91322012310979,9.66e+11,98.36519918,785.22283271,791.9666138,6.74378109,1823,-171,396,30,1043.031636,9.075829384,1033.955806616,-84.80253973
"Gomphus_externus",55.5,0.858978719909363,-1.27222168784638,1.02e+12,116.7209471,2056.35162973,2078.02002,21.66839027,3380,-7,1394,79,2063.042438,19.51234568,2043.53009232,-88.28102553
"Gomphus_fraternus",51.5,0.867095204509777,-1.06282724050934,9.68e+11,71.56558905,592.06236263,638.3775024,46.31513977,1482,-6,378,214,657.1643519,25.1242284,632.0401235,-133.7465618
"Gomphus_geminatus",43,0.871302943791353,-1.1119745393748,42348879912,188.8253975,136.33671184,170.312149,33.97543716,401,-1,63,97,140.2229938,46.15895062,94.06404318,35.26100492
"Gomphus_graslinellus",50,0.881893470729733,-0.569866620189277,5.02e+11,110.2393137,1289.6299519,1400.039185,110.4092331,2785,51,816,193,1085.509259,102.4243827,983.0848763,-84.06987169
"Gomphus_hodgesi",42.5,0.858480417592157,-1.58544032654267,42460959513,190.2387848,64.15900803,98.13444519,33.97543716,180,-1,30,99,65.09953704,18.53785489,46.56168215,36.39062214
"Gomphus_hybridus",51,0.847495494825988,-1.78380939295692,3.03e+11,154.0537631,197.36237336,213.7749939,16.41262054,401,-20,159,64,229.4521605,11.68981481,217.76234569,-23.82064552
"Gomphus_lineatifrons",68,0.882968746014212,-0.191908174200452,2.94e+11,103.4619228,719.31287383,808.1276245,88.81475067,1676,-6,303,283,846.3734568,94.12654321,752.24691359,-82.81232262
"Gomphus_lividus",52,0.873139647045158,-0.836357283175145,6.88e+11,110.1858345,772.64397433,791.9666138,19.32263947,1823,-78,332,56,1043.031636,15.70776256,1027.32387344,-70.1466158
"Gomphus_militaris",50,0.873646877554422,-0.861699319420086,4e+11,144.2882199,2324.3330308,2448.322754,123.9897232,4021,43,1479,270,1627.753858,151.8572531,1475.8966049,-53.75258017
"Gomphus_minutus",46.5,0.863192386529213,-1.31592116812008,1.07e+11,202.378624,180.57660389,191.2638855,10.68728161,345,-42,77,25,167.2283951,9.95631068,157.27208442,58.45057424
"Gomphus_modestus",59,0.875413836313481,-0.615863644329451,63524927780,189.2547226,81.79916383,101.1218033,19.32263947,193,-2,44,82,116.6905864,36.33564815,80.35493825,28.03429468
"Gomphus_oklahomensis",47.5,0.863102252573145,-1.2956300232721,62936180962,181.8973312,316.07714083,335.3997803,19.32263947,547,-20,224,82,255.4884259,26.42746914,229.06095676,15.74693298
"Gomphus_ozarkensis",51.5,0.867095204509777,-1.06282724050934,1.2e+11,143.6843669,345.48596573,395.0177002,49.53173447,792,21,229,124,416.2075617,54.48919753,361.71836417,-48.58953331
"Gomphus_parvidens",42.5,0.888705397486034,-0.510616570439806,58862462557,126.8017934,689.3293533,791.3018188,101.9724655,1929,-8,246,220,764.5262346,41.15063521,723.37559939,-43.9364876
"Gomphus_quadricolor",43.5,0.863584147387542,-1.37559365261698,1.88e+11,96.88375978,703.15186313,791.9666138,88.81475067,1438,-6,378,283,769.9305556,112.3765432,657.5540124,-92.09444027
"Gomphus_sandrius",50,0.873646877554422,-0.861699319420086,10066272986,142.6611938,0,263.7787476,263.7787476,572,154,154,572,226.3904321,226.3904321,0,-33.39920044
"Gomphus_septima",57.5,0.870322726907803,-0.825524912876122,79427089018,139.7025948,411.17818455,434.2283936,23.05020905,1190,-8,100,66,377.6844136,41.49537037,336.18904323,-32.5690912
"Gomphus_spicatus",58,0.820650481122449,-2.64139445074581,4.71e+11,66.87217942,474.75070953,544.2043457,69.45363617,1249,-16,396,228,600.7908951,37.31025855,563.48063655,-132.4088713
"Gomphus_vastus",52,0.869090202747102,-0.980754148062447,1.15e+12,101.6081554,769.63342853,791.3018188,21.66839027,1929,-15,503,79,730.9436728,10.31404321,720.62962959,-96.47334682
"Gomphus_ventricosus",50.5,0.854137394633813,-1.55221595952633,2.56e+11,82.06511961,705.7100143,791.3018188,85.5918045,1929,-6,332,296,669.2893519,48.44058642,620.84876548,-111.6875619
"Gomphus_viridifrons",45.5,0.868107840954682,-1.16358356887277,2.52e+11,89.85125902,582.7238006,808.1276245,225.4038239,1929,-1,332,360,900.1381173,189.8518519,710.2862654,-96.39325919
"Gomphus_westfalli",42,0.844644054602144,-2.10325223242073,10642455822,192.3479614,0,47.94141388,47.94141388,107,0,0,107,46.15895062,46.15895062,0,42.65855408
"Gynacantha_nervosa",77.5,0.906052869570986,0.754393835632829,2.64e+11,220.0218004,1600.455585777,1602.488159,2.032573223,2838,-15,651,7,1560.296296,1.7,1558.596296,95.61347183
"Hagenius_brevistylus",81.5,0.900061457798897,0.603970290098487,2.4e+12,92.97528271,797.38871001,808.1276245,10.73891449,1931,-20,378,30,1062.557099,10.68055556,1051.87654344,-102.0841293
"Helocordulia_selysii",39.5,0.896509061728789,-0.320018960413482,2.87e+11,164.5364802,797.38871001,808.1276245,10.73891449,1676,-14,288,30,1062.557099,9.955212355,1052.601886645,-2.25521573
"Helocordulia_uhleri",43.5,0.873587518553145,-1.01784710678528,7.77e+11,65.06423507,767.52148441,791.9666138,24.44512939,1834,-16,447,93,1025.782407,27.2149088,998.5674982,-135.0289134
"Idiataphe_cubensis",38.5,0.922380460569531,0.53532828360107,1.32e+11,221.1059786,1249.296650777,1251.329224,2.032573223,3066,-15,700,7,1005.313272,2.026455026,1003.286816974,90.80848408
"Ladona_deplanata",36,0.924841213787579,0.54382497884077,1.65e+12,153.1165511,804.366932142,808.1276245,3.760692358,1931,-78,332,13,1144.834105,1.966292135,1142.867812865,-17.66328472
"Ladona_exusta",41.5,0.93022573394351,0.881408476655342,2.27e+11,81.56477465,523.48467064,544.2043457,20.71967506,1469,-18,101,63,587.0887346,7.585912487,579.502822113,-95.53539317
"Ladona_julia",41.5,0.921704179785972,0.595541275493508,2.31e+12,49.33697298,2188.83245861,2213.277588,24.44512939,4072,-41,1354,93,2411.179784,5.593380615,2405.586403385,-149.555179
"Lanthus_parvulus",36.5,0.877599772401658,-1.069571285209,3.77e+11,62.0892592,745.65147403,791.9666138,46.31513977,1929,-5,274,348,1043.031636,40.50462963,1002.52700637,-130.1831307
"Lanthus_vernalis",34.5,0.891566418094456,-0.641447650266626,3.21e+11,99.10840999,795.73640155,808.1276245,12.39122295,1931,-16,332,45,1157.099537,11.09567901,1146.00385799,-79.38631149
"Leucorrhinia_borealis",45,0.897827609565559,-0.130174366528906,5.32e+11,-20.14628244,3003.01528849,3015.890381,12.87509251,5149,-2,1927,35,3134.270062,17.39184061,3116.87822139,-246.3021088
"Leucorrhinia_frigida",30,0.915417413290142,0.0240200366725628,1.17e+12,54.9976095,534.08082966,555.312439,21.23160934,1834,-18,396,93,721.8881173,17.71245421,704.17566309,-150.1936981
"Leucorrhinia_glacialis",34.5,0.935957095630732,0.867872038073174,1.34e+12,41.08077312,2181.1453973,2213.277588,32.1321907,4275,-19,1324,103,2880.12037,5.593380615,2874.526989385,-154.8459791
"Leucorrhinia_hudsonica",29.5,0.939032907867473,0.79660432680373,2.74e+12,19.90591882,3006.34325423,3015.890381,9.54712677,5149,-48,1935,35,3534.316358,0.263157895,3534.053200105,-179.077498
"Leucorrhinia_intacta",31,0.925470492783746,0.399556877162609,2.67e+12,64.26144138,2646.63753166,2667.869141,21.23160934,4275,-89,1998,77,2642.194444,5.593380615,2636.601063385,-125.5670661
"Leucorrhinia_patricia",26.5,0.936196959580833,0.584027379958344,2.07e+11,-47.31426407,1568.42213036,1603.592407,35.17027664,4019,-3,796,244,1475.04784,62.63580247,1412.41203753,-283.1656395
"Leucorrhinia_proxima",34.5,0.91463305725628,0.151983459523004,1.91e+12,26.87404685,2835.74725361,2860.192383,24.44512939,4142,-19,1998,93,3204.511574,19.75047801,3184.76109599,-179.618715
"Libellula_auripennis",54.5,0.928810818614968,1.13554416176861,1.08e+12,165.6832437,743.302345476,746.4153442,3.112998724,1931,-78,503,17,933.6149691,0.833333333,932.781635767,3.225197999
"Libellula_axilena",61,0.931344897214215,1.3448041589108,8.59e+11,164.4036996,1294.205238276,1297.318237,3.112998724,2147,-78,877,13,1541.797068,1.289867841,1540.507200159,5.974921296
"Libellula_comanche",51,0.93501111578028,1.26879661272609,8.55e+11,164.2953661,2324.4416585,2366.115479,41.6738205,4206,-121,1394,187,2733.010802,-56.17515432,2789.18595632,-9.632680485
"Libellula_composita",45.5,0.938656093622221,1.26343284246292,3.28e+11,126.9011181,2248.5821462,2366.115479,117.5333328,4206,-121,1416,635,2268.931327,5.087962963,2263.843364037,-50.29989128
"Libellula_croceipennis",56,0.922545991509651,0.955349181282812,9.51e+11,184.620738,2155.82362298,2167.983887,12.16026402,3536,-79,1592,30,2282.733796,19.51234568,2263.22145032,26.32408139
"Libellula_cyanea",43.5,0.934689629817118,1.08217369608557,1.56e+12,124.6700001,788.205921442,791.9666138,3.760692358,1931,-78,332,17,1062.557099,4.730472103,1057.826626897,-56.44460695
"Libellula_flavida",49.5,0.938899873568057,1.36469912238361,7.55e+11,160.790853,806.328031051,808.1276245,1.799593449,1931,-78,288,16,973.7145062,1.612716763,972.101789437,-9.864685018
"Libellula_forensis",50,0.936487756090967,1.295910630023,1.42e+12,80.01413381,2991.25964179,3015.890381,24.63073921,4275,-89,1961,81,3115.817901,2.454475309,3113.363425691,-70.32252303
"Libellula_jesseana",53.5,0.920566508765251,0.83811204874738,43289487319,212.6336136,15.44415283,33.97543716,18.53128433,99,-4,1,71,47.18209877,8.704974271,38.477124499,76.94467545
"Libellula_luctuosa",46,0.956882942729808,1.87291323867292,4.96e+12,116.7072894,2706.470986233,2710.365723,3.894736767,4206,-171,1753,13,2800.040895,-56.17515432,2856.21604932,-69.66690264
"Libellula_needhami",54.5,0.931842522482981,1.23676937443473,1.04e+12,178.5858142,1249.529630551,1251.329224,1.799593449,2282,-78,700,7,1005.313272,1.13559322,1004.17767878,24.23305666
"Libellula_nodisticta",49,0.944622410672924,1.54221929253336,4.07e+11,103.6821999,2545.5634845,2587.237305,41.6738205,4206,-79,1961,632,2837.547068,56.3117284,2781.2353396,-53.09279507
"Libellula_pulchella",54.5,0.946473155371718,1.72068574684947,5.11e+12,96.94940741,2986.319618276,2989.432617,3.112998724,4206,-171,2162,13,2880.12037,1.01e-12,2880.12037,-91.45874467
"Libellula_quadrimaculata",44,0.935724598022034,1.12919100250059,3.74e+12,43.67492485,3006.34325423,3015.890381,9.54712677,4228,-108,2162,35,3314.653549,0.263157895,3314.390391105,-148.0451652
"Libellula_saturata",56.5,0.932319227594743,1.29251968408264,2.45e+12,141.5060072,2432.7512285,2474.425049,41.6738205,4206,-121,1751,163,2882.805556,-56.17515432,2938.98071032,-19.01419552
"Libellula_semifasciata",46.5,0.918454049565816,0.61164263000397,1.63e+12,122.0832639,804.366932142,808.1276245,3.760692358,1929,-78,332,13,990.3811728,1.966292135,988.414880665,-53.77195822
"Libellula_vibrans",59.5,0.954967031401601,2.09529325983193,2.32e+12,153.61558,803.344022251,805.1436157,1.799593449,1931,-78,563,13,1062.557099,1.289867841,1061.267231159,-18.53732277
"Macromia_alleghaniensis",68.5,0.913385750116756,0.868236709467203,1.06e+11,116.2490144,770.00745959,791.3018188,21.29435921,1929,-78,246,56,900.1381173,23.39979232,876.73832498,-61.46000342
"Macromia_annulata",70.5,0.904722272500807,0.60403413837382,1.67e+11,176.8973007,1138.1976011,1217.663574,79.4659729,2606,9,1022,233,1216.310185,40.3587963,1175.9513887,-4.355175316
"Macromia_illinoiensis",70.5,0.902209052937365,0.517625717668522,2.04e+12,99.87833163,797.38871001,808.1276245,10.73891449,1931,-78,503,30,900.1381173,10.31404321,889.82407409,-93.2672226
"Macromia_magnifica",71.5,0.880905534877622,-0.209061509074645,2.83e+11,100.0308892,2078.6582105,2120.332031,41.6738205,4206,-27,1154,632,1686.310185,85.16358025,1601.14660475,-42.18982285
"Macromia_margarita",75,0.901408456900873,0.558489547405192,30320368454,135.7381337,463.2906494,791.3018188,328.0111694,1929,142,246,1227,900.1381173,463.996142,436.1419753,-32.07079951
"Macromia_pacifica",69,0.893739831487353,0.200870093459709,3.11e+11,126.5051279,979.1864552,1035.914185,56.7277298,1272,-72,816,163,1043.798611,13.28338509,1030.51522591,-67.74546453
"Macromia_taeniolata",83,0.896346693883713,0.495675148526778,1.09e+12,145.7009969,787.541126442,791.3018188,3.760692358,1929,-171,325,17,669.2893519,5.932098765,663.357253135,-28.66014533
"Macrothemis_imitans",35,0.916393129919492,0.227616497878828,77333219882,208.8022439,1052.6107409,1135.60376,82.9930191,3054,-1,222,309,650.8526235,126.4050926,524.4475309,62.59315055
"Macrothemis_inacuta",45,0.926365427482101,0.841794613580607,1.76e+11,206.5922217,1924.27824383,2002.698242,78.41999817,3536,-3,816,233,1552.867284,14.26311728,1538.60416672,57.76622677
"Macrothemis_inequiunguis",34.5,0.925496294392802,0.518744296692944,1.1e+11,208.1889557,1011.6140368,1135.60376,123.9897232,3054,-2,261,309,650.8526235,92.32021605,558.53240745,59.82947117
"Macrothemis_pseudimitans",41.5,0.917339751743421,0.448105441149998,1.92e+11,209.1746548,1429.7197569,1602.488159,172.7684021,3536,-2,816,734,2154.929784,48.6238806,2106.3059034,80.31190379
"Miathyria_marcella",38.5,0.940648775511835,1.14452807046856,6.41e+11,201.0410211,2103.809460413,2109.089844,5.280383587,3536,-20,1722,16,2047.08179,1.797546012,2045.284243988,56.57486008
"Micrathyria_aequalis",30.5,0.91742099535419,0.110215595128895,3.15e+11,228.5183427,1597.207775413,1602.488159,5.280383587,3536,-39,700,20,2026.723765,4.528548124,2022.195216876,103.0141854
"Micrathyria_didyma",38,0.925695140163981,0.632296012974197,2.25e+11,227.3150902,1449.670795777,1451.703369,2.032573223,3536,-6,314,7,901.337963,2.026455026,899.311507974,103.7332016
"Micrathyria_hagenii",34,0.9346284485087,0.807597898978003,5.92e+11,206.1486782,2101.320734274,2109.089844,7.769109726,3536,-14,1644,19,2306.636574,3.48,2303.156574,54.92036451
"Nannothemis_bella",19,0.857796226099167,-2.50068563273386,9.15e+11,76.13943698,613.18192291,623.9208374,10.73891449,1834,-35,376,30,609.1527778,7.585912487,601.566865313,-115.9663573
"Nasiaeschna_pentacantha",67.5,0.911523267843814,0.788566091534686,1.32e+12,136.8326928,626.569984676,629.6829834,3.112998724,1123,-171,445,16,646.2106481,1.289867841,644.920780259,-42.04376742
"Neurocordulia_alabamensis",44,0.907456427052652,0.176327318610022,30896551290,164.5458476,254.3426399,295.0335388,40.6908989,673,-1,156,115,301.5979938,71.66126543,229.93672837,-0.149410248
"Neurocordulia_michaeli",41.5,0.908392042835359,0.143634851626158,25905535196,42.59199969,201.6873322,327.7363892,126.049057,527,0,108,350,253.0493827,118.1018519,134.9475308,-173.4906667
"Neurocordulia_molesta",49,0.917188467878201,0.62673456703857,2.9e+11,123.9379865,389.2788887,408.7684021,19.4895134,506,-7,304,108,414.0779321,11.68981481,402.38811729,-72.84313396
"Neurocordulia_obsoleta",45.5,0.903679285203044,0.0838439483725766,1.9e+11,110.7486338,314.0633535,328.0111694,13.9478159,1227,-18,207,42,325.683642,16.83873457,308.84490743,-70.34744692
"Neurocordulia_virginiensis",45.5,0.91980357319114,0.633204137257767,61313590798,161.3273119,367.36380768,413.6756897,46.31188202,1444,0,142,110,764.5262346,40.88503086,723.64120374,-9.687543052
"Neurocordulia_xanthosoma",50,0.926462070378266,0.961573874887364,3.56e+11,160.1513718,799.454071,901.5137939,102.0597229,1058,43,643,180,670.6311728,104.8611111,565.7700617,-28.89625131
"Neurocordulia_yamaskanensis",50,0.901416101010435,0.110269660689424,3.35e+11,69.86398093,761.81248473,808.1276245,46.31513977,1676,-6,332,350,846.3734568,36.2037037,810.1697531,-134.0431284
"Octogomphus_specularis",52,0.864974910947886,-1.12818998240595,4.24e+11,109.047154,2078.6582105,2120.332031,41.6738205,4206,-41,1271,227,2273.584105,6.344135802,2267.239969198,-14.07827061
"Ophiogomphus_acuminatus",51,0.877451817068786,-0.704804712668955,10066272986,144.1260071,0,236.2287445,236.2287445,338,106,106,338,262.3811728,226.0285494,36.3526234,-36.40200043
"Ophiogomphus_anomalus",41.5,0.869282058606338,-1.22337795541472,1.46e+11,41.43834406,364.15427403,433.6079102,69.45363617,1057,-3,269,386,482.337963,69.359,412.978963,-175.4602428
"Ophiogomphus_arizonicus",51,0.885400425787339,-0.424684045383776,71654274877,112.8029709,755.208374,2164.66748,1409.459106,3708,599,1609,2524,2667.399691,1542.752315,1124.647376,-64.31531443
"Ophiogomphus_aspersus",45,0.875361164571293,-0.917346347586056,1.95e+11,54.00071683,520.34667203,529.8937988,9.54712677,1834,-4,192,52,754.2955247,10.31404321,743.98148149,-146.7244745
"Ophiogomphus_australis",53,0.820618888727137,-2.74230604197732,31927367467,193.2294515,5.31695176,40.6908989,35.37394714,115,-14,-1,97,71.66126543,45.83487654,25.82638889,42.08968989
"Ophiogomphus_bison",50,0.877803427975833,-0.714263485076576,2.58e+11,109.6665226,2133.44062816,2213.277588,79.83695984,4072,-27,1324,227,2336.909722,56.3117284,2280.5979936,-15.25382947
"Ophiogomphus_carolus",42.5,0.868940657762332,-1.20924295797569,4.34e+11,46.91899504,655.11179347,689.5629272,34.45113373,1834,-3,340,167,761.128858,32.4227027,728.7061553,-156.2378332
"Ophiogomphus_colubrinus",44.5,0.887183617751494,-0.512988338473765,7.67e+11,16.93601418,1549.83759851,1567.976196,18.13859749,2950,-3,834,48,1116.693673,16.59480724,1100.09886576,-213.2033653
"Ophiogomphus_edmundo",46.5,0.85354484603005,-1.66504890950032,20375644965,143.923996,6.9549255,413.6756897,406.7207642,1444,142,185,1185,887.8688272,335.3371914,552.5316358,-22.77479935
"Ophiogomphus_howei",32.5,0.860535957497161,-1.80787897823072,73614457146,78.75680017,532.0764465,808.1276245,276.051178,1676,15,303,440,846.3734568,193.5679012,652.8055556,-119.4675994
"Ophiogomphus_incurvatus",41.5,0.884623743303767,-0.679946381611333,49686823129,134.5659973,684.7314682,808.1276245,123.3961563,1676,-8,288,295,887.8688272,104.9290123,782.9398149,-35.95039978
"Ophiogomphus_mainensis",44,0.880559599949261,-0.758280496790641,3.49e+11,59.3220321,758.65958403,808.1276245,49.46804047,1931,-16,288,167,1025.782407,45.42438272,980.35802428,-138.9901088
"Ophiogomphus_morrisoni",51.5,0.887082326862488,-0.354942542000621,1.99e+11,90.4717093,2106.8361516,2366.115479,259.2793274,4206,-27,1416,958,2613.38966,289.3770492,2324.0126108,-53.53126787
"Ophiogomphus_occidentis",49,0.878182038690887,-0.723214732092498,3.16e+11,78.41984378,1981.1353835,2022.809204,41.6738205,4072,-41,1233,632,2272.608796,6.344135802,2266.264660198,-54.32221854
"Ophiogomphus_rupinsulensis",49.5,0.86735365671198,-1.09738141658332,9.31e+11,59.20020295,483.57865903,529.8937988,46.31513977,1834,-16,396,185,517.7785494,31.67669753,486.10185187,-151.6771396
"Ophiogomphus_severus",50.5,0.875576377003404,-0.782165529680016,9.11e+11,53.30308327,2760.4123684,2865.549316,105.1369476,4188,-89,2118,486,3132.320988,141.1616242,2991.1593638,-122.1639173
"Ophiogomphus_smithi",46.5,0.863192386529213,-1.31592116812008,17674527266,61.93959808,41.4694214,330.645752,289.1763306,447,194,218,400,323.8580247,288.7685185,35.0895062,-170.3885956
"Ophiogomphus_susbehcha",51,0.847495494825988,-1.78380939295692,35719459893,72.83179951,302.10680391,364.4490967,62.34229279,544,-4,269,145,414.7175926,63.65509259,351.06250001,-148.7665987
"Ophiogomphus_westfalli",49.5,0.871660995522278,-0.94350442605374,78332912857,129.4547482,217.1819305,395.0177002,177.8357697,792,72,261,376,486.1990741,210.7746914,275.4243827,-68.70149946
"Oplonaeschna_armata",70.5,0.919261989325915,1.09926883422095,1.24e+11,141.7411652,1430.6210332,2086.95752,656.3364868,3708,314,1636,1787,2453.763117,688.283179,1765.479938,-30.59549994
"Orthemis_ferruginea",50.5,0.940567193557621,1.4419344357901,2.71e+12,186.9428795,2446.523160551,2448.322754,1.799593449,4021,-121,1751,7,2350.118827,-56.17515432,2406.29398132,29.84399694
"Pachydiplax_longipennis",36.5,0.996165658932795,2.8667648144665,5.98e+12,131.4233207,2709.167703257,2710.365723,1.198019743,4206,-171,1673,7,2837.547068,-56.17515432,2893.72222232,-43.94657746
"Paltothemis_lineatipes",50.5,0.967749870724759,2.32692384152769,1.01e+12,158.8021952,2406.6489335,2448.322754,41.6738205,4206,-79,1722,81,2880.12037,21.50279955,2858.61757045,8.602626682
"Pantala_flavescens",48.5,0.943836514569387,1.50502080553476,4.2e+12,137.4448067,2708.566129551,2710.365723,1.799593449,4187,-171,1722,4,2539.919753,-56.17515432,2596.09490732,-34.23253904
"Pantala_hymenaea",47.5,0.971190514893557,2.36942342064322,3.22e+12,137.9814682,2446.290180777,2448.322754,2.032573223,4206,-121,1751,7,2880.12037,-56.17515432,2936.29552432,-34.4964056
"Perithemis_domitia",23.5,0.906620367154323,-0.546035917593687,5.07e+11,190.7539609,1446.422985413,1451.703369,5.280383587,3536,-15,910,15,1363.25463,4.280285036,1358.974344964,38.56221211
"Perithemis_intensa",24.5,0.959164260423996,1.25007638915593,6.99e+11,194.5535244,2165.072411123,2171.444336,6.371924877,3536,-121,1751,15,2181.160494,-56.17515432,2237.33564832,47.37381841
"Perithemis_tenera",22.5,0.91928273885872,-0.163299306388037,4.39e+12,137.5302067,2708.566129551,2710.365723,1.799593449,4187,-171,1751,13,2354.290123,0.649727768,2353.640395232,-43.92935923
"Phyllocycla_breviphylla",58,0.857354746832715,-1.28226910317267,56934688769,222.8942352,1056.1377871,1135.60376,79.4659729,3054,0,66,233,361.6458333,24.49537037,337.15046293,99.83490448
"Phyllogomphoides_albrighti",61.5,0.886289219144992,-0.186444185246003,2.4e+11,202.1644211,1394.9756392,1451.703369,56.7277298,3536,1,700,163,1065.236111,24.08719136,1041.14891964,42.09507883
"Phyllogomphoides_stigmatus",67.5,0.878725035769743,-0.349723494164154,3.89e+11,183.0617882,1240.5905072,1297.318237,56.7277298,2282,2,1022,163,1141.095679,24.08719136,1117.00848764,3.662255759
"Plathemis_lydia",45,0.914512410462147,0.441778999987088,6.25e+12,108.2992944,2707.252724276,2710.365723,3.112998724,4206,-171,1753,13,2797.381173,1.797546012,2795.583626988,-73.01837117
"Plathemis_subornata",45.5,0.931277099459889,1.01827808077779,5.47e+11,122.3135172,2257.4157567,2366.115479,108.6997223,4206,-79,1580,214,2733.010802,133.3063272,2599.7044748,-55.15645128
"Progomphus_alachuensis",54.5,0.870701685356195,-0.871271830008125,43296054674,214.0614967,8.47830582,28.52541733,20.04711151,89,-4,2,71,47.18209877,13.01157407,34.1705247,78.14739132
"Progomphus_bellei",57,0.879372490221637,-0.513859330884493,42115189949,186.5452423,22.93460846,47.94141388,25.00680542,110,-3,0,66,47.07716049,19.78395062,27.29320987,30.80439404
"Progomphus_borealis",59,0.808291011755215,-3.09386476622185,6.28e+11,160.0165448,2116.1745685,2157.848389,41.6738205,4206,-83,1418,372,2138.991512,6.344135802,2132.647376198,6.439219695
"Progomphus_obscurus",50,0.873646877554422,-0.861699319420086,1.51e+12,140.071938,1270.51403855,1284.792603,14.27856445,1676,-72,1022,44,1142.758488,2.490974729,1140.267513271,-42.97053111
"Pseudoleon_superbus",41.5,0.934387157001731,1.02005880766599,1.01e+12,190.2168575,2069.44109369,2109.089844,39.64875031,3674,-79,1722,178,2353.79784,40.3587963,2313.4390437,36.79695741
"Remartinia_luteipennis",78,0.883728464505984,-0.0134354243306819,1.55e+11,180.241915,1537.5865479,2171.444336,633.8577881,3536,119,1751,1787,2318.672068,576.9837963,1741.6882717,35.77217175
"Rhionaeschna_californica",60.5,0.916774815902096,0.845912735015133,7.88e+11,81.32533698,2061.5896075,2103.263428,41.6738205,4072,-89,1563,81,2294.989969,5.593380615,2289.396588385,-52.00907848
"Rhionaeschna_dugesi",72,0.917063251405666,1.0481699469566,1.06e+11,148.5234001,910.564575,2164.66748,1254.102905,3536,314,1644,2432,2428.205247,664.3348765,1763.8703705,-19.33567982
"Rhionaeschna_multicolor",67,0.897273898380973,0.290922232797395,2.4e+12,115.9243928,2974.2165605,3015.890381,41.6738205,4228,-121,2118,81,3269.871914,-56.17515432,3326.04706832,-45.85974381
"Rhionaeschna_mutata",75,0.894207374639047,0.309343686026918,5.26e+11,86.37045298,722.51297763,791.9666138,69.45363617,1438,-16,303,261,1041.727623,17.60677083,1024.12085217,-99.8525483
"Rhionaeschna_psilus",59,0.901598261814044,0.299621081165336,1.98e+11,205.5885035,1592.908784687,1602.488159,9.579374313,3536,-2,910,29,1598.783179,5.799190283,1592.983988717,55.78571758
"Somatochlora_albicincta",48.5,0.880502514327904,-0.652589143908332,8.12e+11,-1.550170512,2085.66227513,2113.229492,27.56721687,4275,-19,1029,69,2272.608796,12.50045005,2260.10834595,-196.7451039
"Somatochlora_brevicincta",48.5,0.876244101272844,-0.803182742902595,1.17e+11,8.018228559,1412.79656572,1458.288696,45.49213028,2291,-2,702,103,1706.202932,32.56213018,1673.64080182,-202.7182755
"Somatochlora_calverti",51,0.914921615711606,0.594117494461699,10642455822,194.9447937,0,46.31188202,46.31188202,110,0,0,110,56.78009259,38.60570988,18.17438271,40.99639893
"Somatochlora_cingulata",61.5,0.876641253622242,-0.526438689226077,6.15e+11,16.94754154,1169.7089963,1201.841187,32.1321907,2481,-6,866,103,1510.090278,30.27029703,1479.81998097,-200.716861
"Somatochlora_elongata",57,0.886340217094362,-0.268704569199365,6.06e+11,45.16849079,781.22769931,791.9666138,10.73891449,1929,-8,447,30,1043.031636,13.69088099,1029.34075501,-159.8482758
"Somatochlora_ensigera",49.5,0.90373788420219,0.179058153050032,1.5e+11,68.59576461,844.6664119,1054.419189,209.7527771,2022,148,854,271,972.4992284,207.8927469,764.6064815,-153.674706
"Somatochlora_filosa",60.5,0.902174925964908,0.347251955143914,2.86e+11,160.6208173,127.555857671,132.7788849,5.223027229,536,-78,51,17,115.7708333,4.484599589,111.286233711,-3.160325034
"Somatochlora_forcipata",47,0.891910534276641,-0.287468920814772,4.93e+11,35.99690373,613.93237301,638.3775024,24.44512939,1834,-6,447,93,933.6149691,31.67669753,901.93827157,-169.678158
"Somatochlora_franklini",49,0.851577347053119,-1.67880955010704,7.08e+11,10.68597665,1729.85330149,1742.728394,12.87509251,2963,-108,972,35,1932.718364,6.170403587,1926.547960413,-207.2407054
"Somatochlora_georgiana",45,0.897827609565559,-0.130174366528906,27677088570,93.85613759,106.56329726,127.7949066,21.23160934,632,-18,0,101,127.3873457,27.16975309,100.21759261,-75.84666443
"Somatochlora_hineana",60.5,0.905165703251665,0.450056297993045,1.01e+11,85.58581786,174.3559112,360.4424438,186.0865326,701,131,221,261,369.8912037,174.0848765,195.8063272,-106.8721445
"Somatochlora_hudsonica",52,0.877125317909773,-0.694886946900609,3.65e+11,-21.95333913,2435.44766149,2448.322754,12.87509251,5149,-2,1935,35,3022.185957,1.306122449,3020.879834551,-234.2516914
"Somatochlora_incurvata",54,0.884024724955576,-0.409762665333751,2.08e+11,45.16912468,486.88645551,529.8937988,43.00734329,1834,-3,218,116,464.3796296,6.8375,457.5421296,-154.1547867
"Somatochlora_kennedyi",51,0.877451817068786,-0.704804712668955,4.79e+11,25.06999671,1432.05609161,1456.501221,24.44512939,2264,-3,743,93,1302.058642,10.31404321,1291.74459879,-191.1444904
"Somatochlora_linearis",63,0.907815063733007,0.585628851475659,8.77e+11,127.348375,681.724358036,689.5629272,7.838569164,1269,-78,303,29,738.9930556,7.930841121,731.062214479,-53.35952948
"Somatochlora_margarita",55,0.883619893920026,-0.403694823373051,52552664805,183.8463165,41.74139023,102.0597229,60.31833267,209,11,48,139,89.36882716,56.5316358,32.83719136,15.57223988
"Somatochlora_minor",46,0.905212983900201,0.148606324735177,8.41e+11,22.95708742,2430.18415651,2448.322754,18.13859749,4021,-6,1479,48,3204.511574,16.59480724,3187.91676676,-190.3332456
"Somatochlora_ozarkensis",56.5,0.891695013571611,-0.0913512048707179,90070234559,149.7494676,255.0258866,371.8884583,116.8625717,765,51,253,373,407.2307099,94.28472222,312.94598768,-43.60644436
"Somatochlora_provocans",54.5,0.889237016042016,-0.216958364888092,90049567803,144.5716239,602.62647819,623.9208374,21.29435921,1823,-78,332,56,609.1527778,7.585912487,601.566865313,-22.31825426
"Somatochlora_sahlbergi",49.5,0.888200968147101,-0.359607791554132,29176903541,-89.02293396,636.2907868,863.1101685,226.8193817,1764,43,522,634,1197.637346,202.3140432,995.3233028,-330.4068604
"Somatochlora_semicircularis",49.5,0.86735365671198,-1.09738141658332,7.22e+11,40.21518507,2884.2956694,2989.432617,105.1369476,4275,-89,2162,488,3417.22608,55.25454545,3361.97153455,-117.1412317
"Somatochlora_tenebrosa",51,0.918382006208717,0.71137974709498,8.78e+11,93.74522676,770.67225459,791.9666138,21.29435921,1929,-78,332,56,1043.031636,6.8375,1036.194136,-91.55044239
"Somatochlora_walshii",46.5,0.881477353487386,-0.664796939629381,1.04e+12,44.26119834,1728.32356051,1746.462158,18.13859749,3225,-6,1078,48,1657.034722,7.600980392,1649.433741608,-156.3953619
"Somatochlora_whitehousei",47,0.865474484327612,-1.22207673621543,1.46e+11,-23.55401433,1896.6679553,1908.434204,11.7662487,3229,-2,1309,35,1903.946759,10.75,1893.196759,-244.8923463
"Somatochlora_williamsoni",56,0.900378702640626,0.19985301729753,8.15e+11,43.65630328,530.11490627,564.56604,34.45113373,1482,-16,447,167,621.3881173,32.4227027,588.9654146,-164.8445285
"Stylogomphus_albistylus",33.5,0.873704466758932,-1.30261840323809,9.86e+11,71.62877586,757.51548007,791.9666138,34.45113373,1931,-16,447,116,1043.031636,35.75292154,1007.27871446,-120.84555
"Stylogomphus_sigmastylus",35.5,0.852919050363239,-1.98638845275422,69956120236,142.584913,158.7889557,395.0177002,236.2287445,792,91,200,338,517.4205247,165.9992284,351.4212963,-46.98577145
"Stylurus_amnicola",48,0.887059905907545,-0.433575568042209,3.92e+11,83.89680011,357.21186063,446.0266113,88.81475067,648,-6,353,193,426.341821,34.22838137,392.11343963,-121.110366
"Stylurus_intricatus",43,0.895271649050651,-0.269015932504014,2.73e+11,128.8177859,1867.8508222,1985.384155,117.5333328,3386,-46,1563,264,2094.530093,-8.634259259,2103.164352259,-68.57259989
"Stylurus_ivae",59.5,0.890261196216972,-0.0841143725052377,51963676525,176.2513489,102.15526578,148.4671478,46.31188202,295,0,49,107,160.4945988,38.60570988,121.88888892,14.75563049
"Stylurus_laurae",62,0.887676848954755,-0.128892466898236,2.07e+11,132.9502244,767.4367256,808.1276245,40.6908989,1676,-1,288,110,520.9467593,38.60570988,482.34104942,-40.10134411
"Stylurus_notatus",58,0.857354746832715,-1.28226910317267,4.52e+11,68.72883954,627.80632023,674.12146,46.31513977,1109,-8,475,247,571.3001543,10.31404321,560.98611109,-144.9217653
"Stylurus_olivaceus",58,0.879099321726723,-0.50427317055759,2e+11,95.20651262,2324.4416585,2366.115479,41.6738205,4206,-89,1187,227,2837.547068,24.56867284,2812.97839516,-39.89367876
"Stylurus_plagiatus",61.5,0.86315027289145,-1.0081890165848,1.23e+12,141.7557403,1551.14308741,1567.416626,16.27353859,2679,-72,1148,63,1688.96142,11.01851852,1677.94290148,-41.59176434
"Stylurus_potulentus",50,0.88591910067779,-0.42839628391474,10642455822,193.6456299,0,33.97543716,33.97543716,99,-1,-1,99,47.07716049,47.07716049,0,40.95296478
"Stylurus_scudderi",57.5,0.891191896697751,-0.0894767339908872,4.97e+11,49.21749129,756.85068507,791.3018188,34.45113373,1931,-3,447,181,1144.834105,51.80156863,1093.03253637,-158.1854435
"Stylurus_spiniceps",62.5,0.838112771334173,-1.90470976817218,6.45e+11,85.93952517,765.80514712,791.3018188,25.49667168,1931,-16,352,87,761.128858,17.29875195,743.83010605,-103.7314409
"Stylurus_townesi",53,0.876822199761406,-0.684554306868294,20830278305,179.0579605,0.816066739999997,47.94141388,47.12534714,147,0,9,107,53.95756173,29.70987654,24.24768519,19.49731231
"Sympetrum_ambiguum",37,0.912742118690489,0.165078301975135,1.65e+12,138.4661304,2077.086464233,2080.981201,3.894736767,3107,-78,1117,13,2276.543981,2.490974729,2274.053006271,-43.55945055
"Sympetrum_corruptum",40.5,0.914378315256834,0.320685120364056,5.6e+12,116.3270831,3014.090787551,3015.890381,1.799593449,4275,-121,2162,7,3417.22608,-56.17515432,3473.40123432,-60.34424392
"Sympetrum_costiferum",34,0.929327761615891,0.630927162344561,2.1e+12,50.54528817,2658.32201423,2667.869141,9.54712677,4175,-41,1998,46,2701.844136,2.204334365,2699.639801635,-146.1817544
"Sympetrum_danae",31.5,0.902471463403469,-0.364439660040879,2.06e+12,24.08726011,2979.88549023,2989.432617,9.54712677,5149,-19,2162,48,3313.42284,1.306122449,3312.116717551,-172.9382249
"Sympetrum_illotum",34,0.9346284485087,0.807597898978003,1e+12,134.7131133,2163.675226274,2171.444336,7.769109726,4072,-89,1751,19,2421.420525,2.454475309,2418.966049691,5.851662818
"Sympetrum_internum",33.5,0.91665504004976,0.188043170635175,2.64e+12,44.67274693,2987.584790877,2989.432617,1.847826123,4185,-41,2162,7,3077.62037,1.808510638,3075.811859362,-159.5948721
"Sympetrum_madidum",43.5,0.89705929394376,-0.194265873547783,9.28e+11,69.09248325,2947.7587965,2989.432617,41.6738205,4185,-89,2162,263,3077.62037,6.344135802,3071.276234198,-91.06631582
"Sympetrum_obtrusum",35,0.899679317532328,-0.344153835776353,3.2e+12,59.39949569,2985.537880233,2989.432617,3.894736767,4275,-41,2162,13,3077.62037,3.894736842,3073.725633158,-134.6585322
"Sympetrum_pallipes",36,0.914504650114692,0.194697237460539,1.51e+12,76.13382281,2823.8754955,2865.549316,41.6738205,4206,-89,2118,227,3021.148148,2.454475309,3018.693672691,-77.41068704
"Sympetrum_rubicundulum",33.5,0.938571612817148,0.921987085033856,1.44e+12,83.11028164,2657.989140886,2667.869141,9.880000114,4021,-78,1998,30,3132.320988,7.585912487,3124.735075513,-110.6316661
"Sympetrum_semicinctum",34,0.912803952516616,0.073653984579322,3.46e+12,75.30483717,3006.010380886,3015.890381,9.880000114,4275,-78,2162,30,3269.871914,3.536265432,3266.335648568,-112.8789659
"Sympetrum_signiferum",37.5,0.924279517082741,0.570106641941026,63294226191,167.2031301,1547.7223512,2204.058838,656.3364868,3018,369,1691,1787,2219.613426,688.283179,1531.330247,-2.85466676
"Sympetrum_vicinum",33,0.884037113897129,-0.954053580947776,3.6e+12,90.7121006,2609.533974233,2613.428711,3.894736767,4130,-89,1529,13,3077.62037,1.01e-12,3077.62037,-97.57575635
"Tachopteryx_thoreyi",75.5,0.906996535041095,0.757809841731439,1.07e+12,135.2494922,798.938588131,808.1276245,9.189036369,1931,-78,332,18,1157.099537,6.722857143,1150.376679857,-40.30809521
"Tanypteryx_hageni",55.5,0.888743099957805,-0.21410508794613,2.77e+11,85.67240561,1494.4524846,1753.731812,259.2793274,4275,-41,1233,958,2811.358796,199.7179694,2611.6408266,-33.93434597
"Tauriphila_azteca",46,0.93232359127566,1.06525258836089,56993070253,229.1478088,1108.60369134,1135.60376,27.00006866,3054,-2,40,89,474.5208333,30.0634058,444.4574275,117.9510529
"Tholymis_citrina",50.5,0.924111568900375,0.893671830283926,88563058295,218.5530834,428.84034638,441.0006104,12.16026402,2448,0,222,30,321.6743827,12.20833333,309.46604937,76.67875385
"Tramea_abdominalis",47,0.958113775294097,1.93663104465534,89315445337,223.0068588,1248.822521413,1254.102905,5.280383587,2538,-6,873,16,1620.787037,4.123739688,1616.663297312,104.801482
"Tramea_calverti",47,0.961340280167063,2.04106026028532,4.86e+11,169.4501846,1979.372109233,1983.266846,3.894736767,3536,-68,1498,8,2354.290123,2.866666667,2351.423456333,7.037672607
"Tramea_carolina",50.5,0.967749870724759,2.32692384152769,1.76e+12,147.2583242,1046.969482,1049.469482,2.5,2201,-171,565,4,1267.573302,-0.06741573,1267.64071773,-21.58440334
"Tramea_insularis",45,0.945004257733786,1.46058053983256,1.32e+11,212.0469653,1449.670795777,1451.703369,2.032573223,3536,-3,816,7,1119.283179,2.026455026,1117.256723974,72.10990644
"Tramea_lacerata",53,0.964322392371322,2.27015937823118,4.17e+12,133.2883293,2708.566129551,2710.365723,1.799593449,4206,-121,1562,13,2733.010802,-56.17515432,2789.18595632,-40.15507782
"Tramea_onusta",45,0.972322075849655,2.34579064891469,2.91e+12,163.1407982,2364.082905777,2366.115479,2.032573223,4175,-171,1722,4,2473.057099,-56.17515432,2529.23225332,-5.315472061
"Triacanthagyna_septima",63,0.881134330013276,-0.340985280864338,56325138750,236.964978,474.800416987,484.3797913,9.579374313,2502,-2,9,29,474.5208333,6.927055703,467.593777597,114.2576965
"Triacanthagyna_trifida",68.5,0.892573771636544,0.152272050455461,1.85e+11,220.0102225,52.947426317,54.97999954,2.032573223,104,-15,17,7,47.18209877,1.421875,45.76022377,95.828561
"Williamsonia_fletcheri",32,0.891886323727459,-0.713508324039571,3.29e+11,48.28156734,483.57865903,529.8937988,46.31513977,1834,-2,318,294,576.9367284,10.31404321,566.62268519,-162.0574313
"Williamsonia_lintneri",33,0.87073240489333,-1.42509665601088,1.16e+11,72.80724607,257.9277802,330.645752,72.7179718,632,-6,218,241,310.8657407,24.3714653,286.4942754,-120.3755417
